TCP x,TCP y,TCP z,eef x,eef y,eef z,Cr(rzyz),Pitch(rzyz),Roll(rzyz),Manipulability,joint_1,joint_2,joint_3,joint_4,joint_5,joint_6
0.5,0,0.1,0.53,-0.08,0.2800000000000001,-90,90.0,-90.0,0.06724974199290877,0.43960806542166286,-0.16921649179615403,1.1157403849504184,0.0013536232687878765,0.624481494845613,2.0084566017969965
0.5,0,0.1,0.5353553390593273,0.07778174593052026,0.28,45,90.0,-90.0,0.06531830929095138,-0.4419088625062075,-0.19479228182127797,1.135840962839606,0.0014520077029682172,0.630047185951477,-1.2286876548476944
0.5,0,0.1,0.4917277488195296,0.08503863745620109,0.2800000000000001,75,90.0,-90.0,0.07977392840517747,-0.3876765892795478,-0.018399812506319297,0.9811488194364694,-0.0006505536359352873,0.6087198612334324,-1.6952678190533312
0.45,0.05,0.1,0.48000000000000004,-0.03,0.2800000000000001,-90,90.0,-90.0,0.07764530882233656,0.13520962354938235,-0.029150366645984284,0.9922130259376624,0.0008572361037605088,0.6070483395285623,-4.577469990952516
0.45,0.05,0.1,0.5195094947500498,0.09968329839687373,0.28,15,90.0,-90.0,0.07241123407927962,-0.5052148990705733,-0.09155144980296999,1.0497973552292839,0.002076562960713983,0.612712708971268,5.513977145859044
0.45,0.05,0.1,0.504282032302755,0.1159807621135332,0.2800000000000001,30,90.0,-90.0,0.07960896545486748,-0.5348033957048829,-0.008765070931682491,0.9716227632291117,-0.000494981029267668,0.6086581395784594,5.224590298516239
0.45,0.05,0.1,0.4417277488195296,0.1350386374562011,0.2800000000000001,75,90.0,-90.0,0.10034018655818798,-0.4816476541516426,0.21033627563221227,0.7273129425510744,-0.0003120587122151846,0.6341158605547598,4.49195801489488
0.45,0.05,0.1,0.42,0.13000000000000003,0.2800000000000001,90,90.0,-90.0,0.10073833511477417,-0.4348562457775559,0.26499296509907083,0.6577194601717679,0.0003369613079076691,0.6492579906242131,4.2768446115834395
0.5,-0.05,0.1,0.5496832983968737,-0.11950949475004985,0.2800000000000001,-75,90.0,-90.0,0.0685822875304879,0.6715464453565477,-0.15099694642538886,1.100638255656807,0.00124224719065695,0.6213314352185838,1.9796265314491237
0.5,-0.05,0.1,0.5659807621135332,-0.10428203230275507,0.28,-60,90.0,-90.0,0.06092060152423999,0.6608380175921856,-0.25288648794395113,1.1797453141187497,0.0013586968326583548,0.6430078412807131,1.7063181829344773
0.5,-0.05,0.1,0.5353553390593273,0.027781745930520255,0.28,45,90.0,-90.0,0.059993390592376926,-0.16719071877011984,-0.2672652233914486,1.189271759698752,0.0015349902039022165,0.6484627570703239,-0.9545780713102743
0.45,-0.1,0.1,0.5159807621135332,-0.15428203230275508,0.28,-60,90.0,-90.0,0.08340901174050824,0.6973238959985519,0.03772829986045024,0.9250989628011036,0.0017389674029299855,0.6080623369286596,1.74349536245254
0.45,-0.1,0.1,0.5277817459305203,-0.13535533905932737,0.28,-45,90.0,-90.0,0.07627012421254464,0.6661509126138575,-0.04133852832033801,1.003523872208855,-0.0005688165114028413,0.6076861527820839,1.4526986239010633
0.45,-0.1,0.1,0.5342820323027551,-0.11401923788646683,0.2800000000000001,-30,90.0,-90.0,0.07033013331817535,0.6022841717354902,-0.11223029624387493,1.0684082418534337,0.0017134659403411543,0.6140584221383876,1.123648321897085
0.45,-0.1,0.1,0.5195094947500498,-0.050316701603126276,0.28,15,90.0,-90.0,0.06579775576835227,0.27108683451338844,-0.17103526044662998,1.1170983107730126,0.0014642257669781379,0.6255407338021447,0.00713152631674173
0.45,-0.1,0.1,0.504282032302755,-0.03401923788646681,0.2800000000000001,30,90.0,-90.0,0.06965625491695081,0.17156507429542475,-0.1222778167996038,1.0766390739807858,0.000935308939401335,0.6176136695727831,-0.35375597917593216
0.45,-0.1,0.1,0.4853553390593274,-0.022218254069479748,0.28,45,90.0,-90.0,0.07533535648055717,0.10324972605695294,-0.05367497808629919,1.0149068115574094,-7.753512309165237e-05,0.6100824877536103,-0.6816099866818237
0.45,-0.1,0.1,0.4417277488195296,-0.014961362543798915,0.2800000000000001,75,90.0,-90.0,0.08965055774947753,0.05792463531666629,0.10261910568514478,0.8544297753777822,0.0010224053161426543,0.6144654763998773,-1.2512895530281027
0.45,-0.15000000000000002,0.1,0.5159807621135332,-0.2042820323027551,0.28,-60,90.0,-90.0,0.0943805811801759,0.837542952783251,0.15679708547472032,0.7920593411136958,0.0008772379236190124,0.6218765870481128,-4.3987621358858755
0.45,-0.15000000000000002,0.1,0.5277817459305203,-0.18535533905932738,0.28,-45,90.0,-90.0,0.08700212965296308,0.8219339236315557,0.0825044526472748,0.8768788876752587,-0.0010411135882843069,0.6106333088620468,-4.675260306307413
0.45,-0.15000000000000002,0.1,0.5342820323027551,-0.16401923788646683,0.2800000000000001,-30,90.0,-90.0,0.0804843252358684,0.7805313055674171,0.011876160096520986,0.9511256800445713,-0.00019991981832666612,0.6074196586225584,-4.979843241004841
0.45,-0.15000000000000002,0.1,0.504282032302755,-0.08401923788646683,0.2800000000000001,30,90.0,-90.0,0.07379417263324169,0.40486556608284063,-0.06474768064625186,1.0253300961490162,0.0017043527205015069,0.6102887057703742,-6.402822057724829
0.45,-0.15000000000000002,0.1,0.4640192378864668,-0.06571796769724492,0.28,60,90.0,-90.0,0.08442012804043289,0.27094713152282746,0.05470953970632419,0.9068323263227276,0.0020173152346639194,0.6090649800030495,5.504381449506756
0.45,-0.15000000000000002,0.1,0.4417277488195296,-0.06496136254379893,0.2800000000000001,75,90.0,-90.0,0.0915268666423957,0.24621352026526758,0.12792678377952818,0.8255367537543193,0.001199392118852979,0.6174438808145257,5.219917652151623
0.45,-0.15000000000000002,0.1,0.42,-0.06999999999999999,0.2800000000000001,90,90.0,-90.0,0.09877322149932104,0.24512244706382474,0.20155597621501506,0.7382638556543405,-0.00012193798239756145,0.6318720062777862,4.95786284328508
0.45,0.1,0.1,0.49968329839687375,0.03049050524995016,0.2800000000000001,-75,90.0,-90.0,0.07087124285599311,-0.15102426095546662,-0.10649247552522786,1.062957472551465,0.0017588116119555814,0.6143125307386927,1.1567134354368152
0.45,0.1,0.1,0.5159807621135332,0.045717967697244934,0.28,-60,90.0,-90.0,0.06643202117782743,-0.24341451266766514,-0.16135782489107087,1.1097596454142127,0.0006587016070921016,0.6218746597738324,0.8022629685820162
0.45,0.1,0.1,0.5277817459305203,0.06464466094067264,0.28,-45,90.0,-90.0,0.06459495725651482,-0.359484595674307,-0.1865817225539096,1.1293103749715994,0.0011601428038107281,0.6283497780144621,0.42556845490086426
0.45,0.1,0.1,0.5342820323027551,0.08598076211353319,0.2800000000000001,-30,90.0,-90.0,0.06550421098372707,-0.47865893670836135,-0.17416833652984592,1.1199934507706941,0.0008718407113805218,0.6253421603683292,0.0433447035183567
0.45,0.1,0.1,0.5195094947500498,0.14968329839687372,0.28,15,90.0,-90.0,0.08148076145497084,-0.6924702578253161,0.01672369342439415,0.9462922163565465,0.0012081984374808408,0.6076220310504342,-0.9559788295018996
0.45,0.1,0.1,0.4853553390593274,0.17778174593052026,0.28,45,90.0,-90.0,0.0961487812018505,-0.6918616596122983,0.16860431230017536,0.7778950832347052,0.0012144692189932469,0.6242933386277252,-1.4789759840602583
0.45,0.1,0.1,0.4640192378864668,0.1842820323027551,0.28,60,90.0,-90.0,0.10070064994073324,-0.6630029546885023,0.23568906739690226,0.6956606785488422,0.0006833354334853342,0.6403443434934447,-1.711573577286808
0.5,-0.1,0.1,0.53,-0.18,0.2800000000000001,-90,90.0,-90.0,0.08678164056183872,0.8137720000880284,0.06357342623562809,0.897311150472623,0.0010175806217724626,0.6093601507089793,2.3839251257935787
0.5,-0.1,0.1,0.5496832983968737,-0.16950949475004984,0.2800000000000001,-75,90.0,-90.0,0.07973712311166511,0.8455796054384902,-0.012488073328338864,0.9757549608625812,-0.0008247205440432082,0.6067118358862535,2.1544308195242854
0.5,-0.1,0.1,0.5659807621135332,-0.15428203230275508,0.28,-60,90.0,-90.0,0.07242910289440185,0.8547978956495407,-0.09898774414185742,1.056419003669611,0.0015959044827977965,0.6134370656441768,1.8997486501378826
0.5,-0.1,0.1,0.5777817459305202,-0.13535533905932737,0.28,-45,90.0,-90.0,0.06491535471218364,0.8364680008259756,-0.19370800349004338,1.1353053943327305,-0.0011900644140501828,0.628300501712331,1.6220475724042167
0.5,-0.1,0.1,0.5842820323027551,-0.11401923788646683,0.2800000000000001,-30,90.0,-90.0,0.05819313577362888,0.7771825284776099,-0.28918572363700984,1.204912879231164,0.001345281735110107,0.655504043531001,1.298730502621906
0.45,-0.10000000000000002,0.1,0.49968329839687375,-0.16950949475004987,0.2800000000000001,-75,90.0,-90.0,0.09070891308864448,0.7026406453166882,0.11440329892697512,0.8410537015568879,-0.0019974616955727633,0.6149353912084091,-4.269569056785608
0.45,-0.10000000000000002,0.1,0.5159807621135332,-0.15428203230275508,0.28,-60,90.0,-90.0,0.08333289674682945,0.6976882940157589,0.03753757726903022,0.9252784244844139,0.0005829669699772565,0.6074346673525842,-4.538241626408608
0.45,-0.10000000000000002,0.1,0.5342820323027551,-0.11401923788646684,0.2800000000000001,-30,90.0,-90.0,0.07037243514736388,0.6026857216298234,-0.11207335685784732,1.0680375563831408,0.00019134473520290916,0.614520632793439,-5.156542914145317
0.45,-0.10000000000000002,0.1,0.504282032302755,-0.034019237886466824,0.2800000000000001,30,90.0,-90.0,0.06962528994697824,0.1719859441192708,-0.12194813191102584,1.076732215653772,0.00022668431845964039,0.6167695919243615,-6.634011485131376
0.45,-0.10000000000000002,0.1,0.4417277488195296,-0.014961362543798928,0.2800000000000001,75,90.0,-90.0,0.08961849505642296,0.057493579347519114,0.10251115996252688,0.8545831832597426,0.00047013787925748955,0.6141318162328127,-1.2518571931081397
0.45,-0.05,0.1,0.5159807621135332,-0.10428203230275507,0.28,-60,90.0,-90.0,0.07413259543995092,0.5157993745916657,-0.07020327309485666,1.030669245929125,0.0003974476044859583,0.6096366246329082,-4.719908094049425
0.45,-0.05,0.1,0.5342820323027551,-0.06401923788646682,0.2800000000000001,-30,90.0,-90.0,0.06270864613036826,0.3681760953594493,-0.21582283653365658,1.1518015261855747,0.0011457198765651342,0.6342542005395616,-5.393315562711625
0.45,-0.05,0.1,0.5350386374562011,-0.04172774881952959,0.28,-15,90.0,-90.0,0.060154021856168735,0.24772052504564138,-0.25145227795571107,1.1783275274857699,0.00027873150642638883,0.644025904896214,-5.772924961944928
0.45,-0.05,0.1,0.504282032302755,0.015980762113533192,0.2800000000000001,30,90.0,-90.0,0.06911373101095111,-0.08130116563073343,-0.1320865951776473,1.0853074375812035,0.0011782536164143729,0.617907969535071,-6.888263514614251
0.45,-0.05,0.1,0.4417277488195296,0.03503863745620109,0.2800000000000001,75,90.0,-90.0,0.0905342206119315,-0.135106039263649,0.10859461735855794,0.8474937849428958,0.0013842580355455897,0.6147904011497818,4.838639932406425
0.45,-0.05,0.1,0.42,0.030000000000000027,0.2800000000000001,90,90.0,-90.0,0.0973649707347837,-0.1068453917938408,0.17812867316195516,0.7666564522978295,0.0018001389566280885,0.6252720424578783,4.604085667701792
0.4,-0.1,0.1,0.43000000000000005,-0.18,0.2800000000000001,-90,90.0,-90.0,0.0986849386101306,0.5879947939224943,0.3140997854702686,0.5932528503742521,2.7294313738373144e-05,0.6633900066287455,2.1589157048577534
0.4,-0.1,0.1,0.4842820323027551,-0.11401923788646683,0.2800000000000001,-30,90.0,-90.0,0.08343823002908901,0.4857169742014493,0.051152949443916094,0.9104123340456188,0.0017525966943698192,0.6089623278805184,1.0071539197801358
0.4,-0.1,0.1,0.48000000000000004,-0.06999999999999998,0.2800000000000001,0,90.0,-90.0,0.0789850345435857,0.3081642710281841,0.0034654607694202012,0.9598757251648296,0.000574154633957435,0.6065065795317409,0.3085855579073117
0.4,-0.1,0.1,0.4695094947500499,-0.050316701603126276,0.28,15,90.0,-90.0,0.08084565159800075,0.2147700457429564,0.02204277112785701,0.9405934734221211,0.0014680276947471567,0.6090371847370593,-0.0474381312941363
0.4,-0.1,0.1,0.4542820323027551,-0.03401923788646681,0.2800000000000001,30,90.0,-90.0,0.08488843741479317,0.13732972615927982,0.0659655020772904,0.895036848491357,0.0005833150008412106,0.6107784287700027,-0.3859867122944066
0.4,-0.1,0.1,0.4353553390593274,-0.022218254069479748,0.28,45,90.0,-90.0,0.09067074099014391,0.08404132726687248,0.12561817134835454,0.828399398074559,0.00015124683735148249,0.6176548925200392,-0.7006011610698766
0.4,-0.1,0.1,0.41401923788646683,-0.0157179676972449,0.28,60,90.0,-90.0,0.09734767939534593,0.05461926082669721,0.19386156321798872,0.7476477059232198,0.0014443732317028799,0.6295510681842647,-0.9931514045746455
0.4,0.05,0.1,0.43000000000000005,-0.03,0.2800000000000001,-90,90.0,-90.0,0.09283502633708704,0.11046910964365375,0.14545631146051433,0.8051746021391414,0.0009394051388948491,0.6191544123849632,1.6797845184547064
0.4,0.05,0.1,0.44968329839687377,-0.019509494750049844,0.2800000000000001,-75,90.0,-90.0,0.0860328649257776,0.07792147119313168,0.07604531193868748,0.8838660312898458,-0.0011092652766221962,0.6098704627527738,1.3887222413042406
0.4,0.05,0.1,0.46598076211353323,-0.004282032302755069,0.28,-60,90.0,-90.0,0.08046605489458031,0.018328573961485874,0.015343419389670408,0.947541241954251,0.0009485176753120843,0.6074640531741035,1.0638158324906306
0.4,0.05,0.1,0.47778174593052025,0.01464466094067264,0.28,-45,90.0,-90.0,0.07676588825485874,-0.0658822545638618,-0.026606540197209712,0.9895031144749439,0.00118660300871589,0.6083842858773066,0.7194033195356717
0.4,0.05,0.1,0.4850386374562011,0.058272251180470414,0.28,-15,90.0,-90.0,0.07679335133449793,-0.26509530639284185,-0.026943497469875077,0.9894934583453534,0.0016936066293809144,0.6091941322718731,-0.005082306045917843
0.4,0.05,0.1,0.4695094947500499,0.09968329839687373,0.28,15,90.0,-90.0,0.08614534625538252,-0.408622750093695,0.07614723963391988,0.8835618163393826,0.0017455549724441112,0.6111224135634356,-0.6718608793744294
0.4,-0.15000000000000002,0.1,0.43000000000000005,-0.23000000000000004,0.2800000000000001,-90,90.0,-90.0,0.09502048870971119,0.7056883228387285,0.4062464793282396,0.46524144180547083,-0.0016412545609903646,0.6991574533044314,-4.004457164603645
0.4,-0.15000000000000002,0.1,0.44968329839687377,-0.21950949475004988,0.2800000000000001,-75,90.0,-90.0,0.09755070784350002,0.7198331140133704,0.33930924368126,0.5586063778673783,-9.060606015157455e-05,0.6719338030666392,-4.254008183969346
0.4,-0.15000000000000002,0.1,0.4842820323027551,-0.16401923788646683,0.2800000000000001,-30,90.0,-90.0,0.0916714140007862,0.6500029640158472,0.1434027421330664,0.8080536618893748,0.0001919910041822398,0.6183495061994885,-5.11032421001353
0.4,-0.15000000000000002,0.1,0.4850386374562011,-0.1417277488195296,0.28,-15,90.0,-90.0,0.08721944353681882,0.5828715728775701,0.09809216331742274,0.8598874565093189,-1.712432734997881e-05,0.6118325301814065,-5.437852410798268
0.4,-0.15000000000000002,0.1,0.48000000000000004,-0.12,0.2800000000000001,0,90.0,-90.0,0.08507975151468332,0.49901182753893397,0.07414730633251272,0.8858534380772758,0.002121656185000281,0.6111729990194449,-5.785248234830519
0.4,-0.15000000000000002,0.1,0.3917277488195296,-0.06496136254379893,0.2800000000000001,75,90.0,-90.0,0.09911682361190263,0.2075287450818263,0.2844509653239017,0.6325731420248596,0.0010194542781744244,0.6540970104776371,-1.1027001327558164
0.35000000000000003,0.1,0.1,0.38000000000000006,0.020000000000000004,0.2800000000000001,-90,90.0,-90.0,0.09819548128341678,-0.06265044423796241,0.30156178777037096,0.609613645294209,0.001252133338675777,0.6586914746603869,1.507200259469416
0.35000000000000003,0.1,0.1,0.3996832983968738,0.03049050524995016,0.2800000000000001,-75,90.0,-90.0,0.09929462463389888,-0.10140715081568125,0.24360069432234524,0.6857722834462213,0.0013507828669204964,0.6418481343344979,1.205836462122146
0.35000000000000003,0.1,0.1,0.4159807621135332,0.045717967697244934,0.28,-60,90.0,-90.0,0.09634859991324089,-0.15996564475476285,0.19822483680862313,0.7424394767752771,0.0020538400194158313,0.6299041681484301,0.8848329884508872
0.35000000000000003,0.1,0.1,0.42778174593052026,0.06464466094067264,0.28,-45,90.0,-90.0,0.09384505081314949,-0.2336290220143324,0.17276492325345166,0.7731028208303877,0.0019679321539415803,0.6251715518673214,0.5492394708280043
0.35000000000000003,0.1,0.1,0.43428203230275514,0.08598076211353319,0.2800000000000001,-30,90.0,-90.0,0.09349208822827834,-0.3130926308602374,0.17046485474189033,0.7759548880083482,0.0003588292779820441,0.6234180487632817,0.21066688593003335
0.35000000000000003,0.1,0.1,0.43503863745620114,0.10827225118047042,0.28,-15,90.0,-90.0,0.09602142525170772,-0.38798680418140136,0.19354822759514684,0.7477594587770346,-0.00015180747853320818,0.6304114464106998,-0.12657304246146217
0.35000000000000003,0.1,0.1,0.4195094947500499,0.14968329839687372,0.28,15,90.0,-90.0,0.09842782300708894,-0.4901084728409719,0.29332063917136975,0.6206231024541549,-0.0007255925733040257,0.6577290255955485,-0.7519082222719901
0.35000000000000003,0.1,0.1,0.3853553390593274,0.17778174593052026,0.28,45,90.0,-90.0,0.09355278579385541,-0.5143855161452627,0.42687175419366796,0.43537820397122295,0.0009715342136935533,0.7084739480575837,-1.301021171300505
0.35000000000000003,0.1,0.1,0.32,0.18000000000000005,0.2800000000000001,90,90.0,-90.0,0.08367723076099738,-0.4426275339416361,0.6093172183886055,0.1585308535113232,0.0015245043926163256,0.8026917611395878,-2.0135312117552253
0.35000000000000003,0.15000000000000002,0.1,0.38000000000000006,0.07000000000000002,0.2800000000000001,-90,90.0,-90.0,0.09726255045815703,-0.21560002707924147,0.3232151278485644,0.5807907060370314,0.00117492526458436,0.6665149312939633,1.353359388186564
0.35000000000000003,0.15000000000000002,0.1,0.3996832983968738,0.08049050524995018,0.2800000000000001,-75,90.0,-90.0,0.09871746766808957,-0.26215322775965777,0.27137090852357065,0.6497833245922668,0.0008604738927661239,0.6489874123024081,1.0470261096448923
0.35000000000000003,0.15000000000000002,0.1,0.4159807621135332,0.09571796769724494,0.28,-60,90.0,-90.0,0.09924843262290285,-0.3254985372261762,0.23669194342952274,0.69422370418943,0.0008226563545095603,0.640504208582225,0.7207997603606614
0.35000000000000003,0.15000000000000002,0.1,0.43000000000000005,0.18000000000000005,0.2800000000000001,0,90.0,-90.0,0.09756173279389065,-0.5877634847072891,0.3138361604436316,0.5933106524253444,-0.0007314066835718944,0.6644250457492562,-0.5865607437167462
0.35000000000000003,0.15000000000000002,0.1,0.4042820323027551,0.21598076211353323,0.2800000000000001,30,90.0,-90.0,0.0925575067168102,-0.6307873767474057,0.4413476229189381,0.41427990305627754,0.0016590551487627656,0.7156360669631279,-1.154719711167619
0.35000000000000003,0.15000000000000002,0.1,0.3853553390593274,0.22778174593052028,0.28,45,90.0,-90.0,0.08915034970176625,-0.6267598836863368,0.5097264746822361,0.3128501597348244,0.0012743779464690936,0.747926334278746,-1.4138857637437472
0.35000000000000003,0.15000000000000002,0.1,0.3417277488195296,0.23503863745620113,0.2800000000000001,75,90.0,-90.0,0.08168189416617577,-0.5808529264059056,0.6354242597154656,0.11697681667387524,0.00021107611807238887,0.8192894094122699,-1.8891908560247523
0.30000000000000004,0.1,0.1,0.33000000000000007,0.020000000000000004,0.2800000000000001,-90,90.0,-90.0,0.09130620315174762,-0.053920131201446356,0.45430085355827693,0.3953523051873255,-3.3608241560878147e-05,0.7202231266514549,-4.7656878984144075
0.30000000000000004,0.1,0.1,0.36598076211353325,0.045717967697244934,0.28,-60,90.0,-90.0,0.09568102828914331,-0.1361659867463797,0.35246133118509765,0.540736383158424,-0.00020193666476046694,0.6762740795964176,-5.371470125766772
0.30000000000000004,0.1,0.1,0.3777817459305203,0.06464466094067264,0.28,-45,90.0,-90.0,0.09663786689557521,-0.198220349890961,0.3260719645393633,0.5766784474751809,0.0003340254458837721,0.6669697763626676,-5.695485153825509
0.30000000000000004,0.1,0.1,0.38000000000000006,0.13000000000000003,0.2800000000000001,0,90.0,-90.0,0.09467830648206131,-0.38593399933483596,0.37832847617971904,0.504924593614951,0.0002103115408246532,0.6886018277669587,-6.6686165267374635
0.30000000000000004,0.1,0.1,0.27,0.18000000000000005,0.2800000000000001,90,90.0,-90.0,0.07211065521917417,-0.39639408606529786,0.7618562422547748,-0.08946202309665216,-0.0011511902271942043,0.8988084308403016,-1.9662269891371102
0.30000000000000004,0.15000000000000002,0.1,0.33000000000000007,0.07000000000000002,0.2800000000000001,-90,90.0,-90.0,0.09009697633215417,-0.1872417104070966,0.4728067112108754,0.36793799538746214,0.001089009067353204,0.7301740099302432,1.3821411560944168
0.30000000000000004,0.15000000000000002,0.1,0.3496832983968738,0.08049050524995018,0.2800000000000001,-75,90.0,-90.0,0.09258916086841673,-0.22561091929527496,0.4204171359201591,0.4448640755076174,-0.0004907565985863018,0.7045204295586998,1.083113647179753
0.30000000000000004,0.15000000000000002,0.1,0.38428203230275515,0.13598076211353322,0.2800000000000001,-30,90.0,-90.0,0.09462335929331232,-0.40699336119368124,0.3725734285213026,0.5125397026774036,0.0012031174408547657,0.6846939445512888,0.11510066952208756
0.30000000000000004,0.15000000000000002,0.1,0.38503863745620115,0.15827225118047045,0.28,-15,90.0,-90.0,0.09349522450206087,-0.46555342332120114,0.39989129688933867,0.4743970757222364,0.00031780215539134503,0.6970284092115314,-0.203264115881946
0.30000000000000004,0.15000000000000002,0.1,0.38000000000000006,0.18000000000000005,0.2800000000000001,0,90.0,-90.0,0.09149566868192756,-0.5125638308389316,0.4440347424458173,0.4103066932340264,0.00116416389237269,0.7164171006125902,-0.5125208118097808
0.30000000000000004,0.15000000000000002,0.1,0.31401923788646685,0.23428203230275513,0.28,60,90.0,-90.0,0.07561639497093925,-0.5456713335443586,0.710940308495584,-0.005453823083729308,0.000935559989638728,0.8656628756849715,-1.5940177524430295
0.30000000000000004,0.05,0.1,0.3496832983968738,-0.019509494750049844,0.2800000000000001,-75,90.0,-90.0,0.09417871636706124,0.055448151798709655,0.39418192652395917,0.48190593098896517,0.0012067666414590729,0.6940539951745867,1.3634572306899477
0.30000000000000004,0.05,0.1,0.36598076211353325,-0.004282032302755069,0.28,-60,90.0,-90.0,0.09619384950011099,0.012660030545046174,0.34312236660293133,0.5538120058301651,0.00029392449254961523,0.6728777147038996,1.0597694909561999
0.30000000000000004,0.05,0.1,0.3777817459305203,0.01464466094067264,0.28,-45,90.0,-90.0,0.09739728926377951,-0.04525777651226475,0.307682555388968,0.6014977123243165,-0.0001190141075809631,0.6609445684108987,0.7398849619026773
0.30000000000000004,0.05,0.1,0.38428203230275515,0.03598076211353318,0.2800000000000001,-30,90.0,-90.0,0.09786508464436729,-0.11367241328356681,0.29280226990269287,0.62141359862916,-3.392145669375e-05,0.6562067703469212,0.4094703497393675
0.30000000000000004,0.05,0.1,0.38000000000000006,0.08000000000000004,0.2800000000000001,0,90.0,-90.0,0.09665977300940502,-0.24520218270290828,0.33011381883449076,0.571557974871863,0.000905636579546933,0.6685318162866938,-0.24676356804712582
0.30000000000000004,0.05,0.1,0.3695094947500499,0.09968329839687373,0.28,15,90.0,-90.0,0.09488690421420098,-0.29311749553627975,0.377114148560538,0.5061908799944016,0.0006285072786537255,0.6867949385427229,-0.5551629229193742
0.30000000000000004,0.05,0.1,0.3542820323027551,0.1159807621135332,0.2800000000000001,30,90.0,-90.0,0.09231183203124181,-0.32377364892681393,0.4370487785678639,0.4207663837039386,0.0003637941096807009,0.7139439286803204,-0.847219599621382
0.30000000000000004,0.05,0.1,0.3353553390593274,0.12778174593052027,0.28,45,90.0,-90.0,0.08904101794992077,-0.33725639921126854,0.5034564116413377,0.3224999900071716,0.001542847784973149,0.7453766203705036,-1.1247715459197596
0.30000000000000004,0.2,0.1,0.3695094947500499,0.24968329839687375,0.28,15,90.0,-90.0,0.08326659409964761,-0.6471687749835789,0.5894424061914323,0.18996062403757216,0.0011996257550637003,0.7910445603341572,-0.9104042496516989
0.30000000000000004,0.2,0.1,0.3542820323027551,0.2659807621135332,0.2800000000000001,30,90.0,-90.0,0.0787353158178895,-0.6559706810724103,0.6605381414781464,0.07686269562051702,0.0011127640283364357,0.8331296490195653,-1.1811441130180358
0.30000000000000004,0.2,0.1,0.31401923788646685,0.2842820323027551,0.28,60,90.0,-90.0,0.06779278844398291,-0.6349174934809675,0.8093707815875838,-0.16880388677234992,-0.00010374981628420276,0.9309585933829991,-1.6828840183305729
0.45,-0.05000000000000002,0.1,0.49968329839687375,-0.11950949475004986,0.2800000000000001,-75,90.0,-90.0,0.08138202888210107,0.5381223935747925,0.012031513174827427,0.9509561396944307,-0.0006487979315381654,0.6075120017295766,-4.434713648301806
0.45,-0.05000000000000002,0.1,0.5159807621135332,-0.1042820323027551,0.28,-60,90.0,-90.0,0.07422458509407406,0.5156285561012155,-0.0699172597128245,1.03041675758194,0.0014753750546952422,0.6105308564654774,-4.72240856163373
0.45,-0.05000000000000002,0.1,0.53,-0.019999999999999983,0.2800000000000001,0,90.0,-90.0,0.06047516871184156,0.11701544975000727,-0.24621934787755506,1.1748828114092262,0.0014144287978588369,0.6417877708683616,-6.166595833808931
0.45,-0.05000000000000002,0.1,0.5195094947500498,-0.0003167016031262876,0.28,15,90.0,-90.0,0.06369078024939244,0.0017717801911262643,-0.20263034057760548,1.1417776434764844,0.00022132103677537985,0.6313319907715954,-6.54238504191693
0.45,-0.05000000000000002,0.1,0.4853553390593274,0.02778174593052024,0.28,45,90.0,-90.0,0.07585088412555974,-0.12906057430150822,-0.05128313177353135,1.0126618584031029,0.0016234113027563364,0.6098894548848568,5.36744731132731
0.4,-0.05,0.1,0.43000000000000005,-0.13,0.2800000000000001,-90,90.0,-90.0,0.10011403319910714,0.4482295548623147,0.23642544084067244,0.6947558695577986,0.0014443921267428596,0.639636935874213,2.018637769467905
0.4,-0.05,0.1,0.46598076211353323,-0.10428203230275507,0.28,-60,90.0,-90.0,0.08774863385680573,0.4189234060156797,0.0936102490886948,0.8644069523657276,3.714638181476298e-05,0.6119245825277347,1.466274940844979
0.4,-0.05,0.1,0.47778174593052025,-0.08535533905932736,0.28,-45,90.0,-90.0,0.0817854586675281,0.3662983171476087,0.02997640362414475,0.9329218163869984,0.0021564468093807645,0.607539354384575,1.1505031905482788
0.4,-0.05,0.1,0.4842820323027551,-0.06401923788646682,0.2800000000000001,-30,90.0,-90.0,0.0773791897213219,0.28862644063873644,-0.01802762263158863,0.9814433921021918,-0.0004738205682727891,0.606359776907262,0.8118304389775707
0.4,-0.05,0.1,0.48000000000000004,-0.01999999999999997,0.2800000000000001,0,90.0,-90.0,0.07619377165619233,0.0901328496594671,-0.03325441654163797,0.995881153347926,0.001221477419858992,0.6088453764179887,0.08987713533399215
0.4,-0.05,0.1,0.4695094947500499,-0.0003167016031262737,0.28,15,90.0,-90.0,0.07922097320728234,0.0013843979223529274,0.002033286491305151,0.9612143181797511,0.001788615080150595,0.6069034274975998,-0.26248527479671274
0.4,-0.05,0.1,0.4353553390593274,0.027781745930520255,0.28,45,90.0,-90.0,0.09113386778387703,-0.10503732443565554,0.12757330721032997,0.8261107989294948,0.002164812125834141,0.6173098114853596,-0.8921637807472762
0.4,-0.05,0.1,0.41401923788646683,0.0342820323027551,0.28,60,90.0,-90.0,0.09819635180192894,-0.11913505969888159,0.19936215744628286,0.7408274604585682,-0.00013728399306229402,0.6307647465769232,-1.1661711323013049
0.4,-0.05,0.1,0.37,0.030000000000000027,0.2800000000000001,90,90.0,-90.0,0.09826943549590329,-0.0907671554760389,0.33489031873606045,0.5647067588812612,0.0007003193105711908,0.6716354521836126,-1.66292748309841
0.45,0.15000000000000002,0.1,0.49968329839687375,0.08049050524995018,0.2800000000000001,-75,90.0,-90.0,0.07472461009360461,-0.3817892830706547,-0.05317422791576967,1.0149339830395574,0.0005883184537764903,0.608637226034968,-5.355649582555525
0.45,0.15000000000000002,0.1,0.5159807621135332,0.09571796769724494,0.28,-60,90.0,-90.0,0.0719004596103455,-0.4795576152926757,-0.08638778557521525,1.045597300887864,0.0008961440498528339,0.611155155499609,-5.715585441621574
0.45,0.15000000000000002,0.1,0.5350386374562011,0.15827225118047045,0.28,-15,90.0,-90.0,0.07898177468059323,-0.765023124234846,-0.005097797973490675,0.9679789748506655,0.0016011540441257788,0.6077371215665521,-6.787293967591265
0.45,0.15000000000000002,0.1,0.5195094947500498,0.19968329839687377,0.28,15,90.0,-90.0,0.0925146812781558,-0.8362875241693014,0.13779953765326233,0.8144590262798411,0.0011644582066611226,0.6190399776248453,5.183326823685175
0.45,0.15000000000000002,0.1,0.4853553390593274,0.22778174593052028,0.28,45,90.0,-90.0,0.09996215594788416,-0.8153718343924726,0.27813601172216457,0.6410426621725092,0.0014553910377919233,0.651336426823755,4.680765359740183
0.25000000000000006,0.15000000000000002,0.1,0.2800000000000001,0.07000000000000002,0.2800000000000001,-90,90.0,-90.0,0.08041145737664279,-0.16517103405953096,0.6264018833470382,0.13137820565307193,0.001527031157468819,0.8123663543746119,1.4036597605716583
0.25000000000000006,0.15000000000000002,0.1,0.3159807621135332,0.09571796769724494,0.28,-60,90.0,-90.0,0.08603820663206506,-0.24423710744854943,0.5320207850504114,0.27887830378483963,0.001077027290563129,0.7596714103313595,0.8015464990430299
0.25000000000000006,0.15000000000000002,0.1,0.33428203230275516,0.13598076211353322,0.2800000000000001,-30,90.0,-90.0,0.08699203092434347,-0.35605638508084236,0.5145989397595889,0.305331083975472,0.0007989890322703392,0.7512091110675196,0.1673581673860329
0.25000000000000006,0.15000000000000002,0.1,0.33503863745620116,0.15827225118047045,0.28,-15,90.0,-90.0,0.08568026215131624,-0.4092393629843305,0.538620363267413,0.26891594257164647,0.0005763637452498581,0.7642258434996725,-0.14852357364577704
0.25000000000000006,0.15000000000000002,0.1,0.2853553390593274,0.22778174593052028,0.28,45,90.0,-90.0,0.06912594902417755,-0.5023179803787012,0.7863192161982494,-0.13003599589657,0.00019387278474588654,0.914630697771111,-1.28742974744488
0.25000000000000006,0.15000000000000002,0.1,0.26401923788646686,0.23428203230275513,0.28,60,90.0,-90.0,0.06247257923202852,-0.49331238740389277,0.8681941399992067,-0.2689533519806364,0.0011158226886318653,0.9713202262278955,-1.5401953250072833
0.5,-0.15000000000000002,0.1,0.5659807621135332,-0.2042820323027551,0.28,-60,90.0,-90.0,0.0851150941535343,0.9900946564111698,0.052369657321541335,0.9096854020454843,-0.0002044268856234214,0.6078506990145179,2.0383953142640694
0.5,-0.15000000000000002,0.1,0.5777817459305202,-0.18535533905932738,0.28,-45,90.0,-90.0,0.07779390620521029,0.9879928419949169,-0.029310139752900886,0.9920615554989767,0.0005259205957391657,0.6077814867526369,1.7736379381983332
0.5,-0.15000000000000002,0.1,0.5542820323027551,-0.08401923788646683,0.2800000000000001,30,90.0,-90.0,0.05952162115876856,0.5227122636996815,-0.26149494666812595,1.1852828947102074,0.0004407871763521686,0.6460475486593216,-0.0005653265821290318
0.5,-0.15000000000000002,0.1,0.5353553390593273,-0.07221825406947976,0.28,45,90.0,-90.0,0.0636448142482985,0.41280263451991456,-0.20526388880418223,1.1442056021470965,0.0007221651587918185,0.632868474325235,-0.37298542527602896
0.5,-0.15000000000000002,0.1,0.4917277488195296,-0.06496136254379893,0.2800000000000001,75,90.0,-90.0,0.07648792457802243,0.3015974522044638,-0.04430884382269489,1.0063988399232324,0.0017351523745113575,0.6085989735115027,-1.0089308437040911
0.5,0.05,0.1,0.5353553390593273,0.12778174593052027,0.28,45,90.0,-90.0,0.07414750100009969,-0.660513375878599,-0.08234242768162443,1.041505842443076,0.0008216230929831991,0.6124673061327935,-1.4456000177029737
0.35000000000000003,-0.05,0.1,0.38000000000000006,-0.13,0.2800000000000001,-90,90.0,-90.0,0.09582409745007792,0.3858733699739512,0.3774960756318247,0.505841645375293,0.0008248602298479854,0.6862193566108961,-4.327188179958094
0.35000000000000003,-0.05,0.1,0.43428203230275514,-0.06401923788646682,0.2800000000000001,-30,90.0,-90.0,0.09194424416155143,0.2362250382242419,0.15145233823517504,0.7984970612593881,0.0012114910524896093,0.62014817640441,-5.523674378457049
0.35000000000000003,-0.05,0.1,0.3853553390593274,0.027781745930520255,0.28,45,90.0,-90.0,0.09875820907537185,-0.08821972216247366,0.2871845732524709,0.6292792084715298,0.0001378984719219075,0.6542849841279422,-0.8738905351936944
0.30000000000000004,0.10000000000000002,0.1,0.33000000000000007,0.020000000000000018,0.2800000000000001,-90,90.0,-90.0,0.09130629610746807,-0.05410814378619802,0.4543191100817659,0.3954752643398528,0.0012482903197380251,0.7201972213116344,1.515416130046769
0.30000000000000004,0.10000000000000002,0.1,0.3496832983968738,0.030490505249950173,0.2800000000000001,-75,90.0,-90.0,0.09390086753258696,-0.08666788523959269,0.39663924599344164,0.47847212783481113,-0.0004678688850046183,0.6945292731003576,1.222102713892937
0.30000000000000004,0.10000000000000002,0.1,0.36598076211353325,0.04571796769724495,0.28,-60,90.0,-90.0,0.0956815521251172,-0.1359179355524229,0.35240314334973544,0.5407795501658527,5.318114704982177e-05,0.6764016626258491,0.9103895059969748
0.30000000000000004,0.10000000000000002,0.1,0.3777817459305203,0.06464466094067266,0.28,-45,90.0,-90.0,0.09663788678092469,-0.19795630625804064,0.32612653375084766,0.5767046138678108,0.0004669491886408506,0.6666696790400529,0.5872092140521695
0.30000000000000004,0.10000000000000002,0.1,0.38428203230275515,0.0859807621135332,0.2800000000000001,-30,90.0,-90.0,0.09678265378270053,-0.26605061937016233,0.3220581486274501,0.5823296856754269,0.001086835524964993,0.665552502613808,0.2575683850431794
0.30000000000000004,0.10000000000000002,0.1,0.38000000000000006,0.13000000000000006,0.2800000000000001,0,90.0,-90.0,0.09469084780550263,-0.3860400001647407,0.37806662296776217,0.5052540228028449,0.0013027810146359871,0.6878126673664349,-0.3878817748226638
0.30000000000000004,0.10000000000000002,0.1,0.3695094947500499,0.14968329839687375,0.28,15,90.0,-90.0,0.09240654345985858,-0.4254558589021677,0.43083928458818493,0.4296515936946099,0.0010170272515787147,0.7095918423876548,-0.6872839921998121
0.30000000000000004,0.10000000000000002,0.1,0.31401923788646685,0.18428203230275514,0.28,60,90.0,-90.0,0.08123024161352035,-0.4455280120860823,0.6330536192059435,0.12089176076459227,0.0007588880438636849,0.817228962217402,-1.4933648264177724
0.35000000000000003,-0.10000000000000002,0.1,0.42778174593052026,-0.1353553390593274,0.28,-45,90.0,-90.0,0.0992536770390499,0.4614019254485115,0.25005543111104983,0.677466077822685,0.0017376510869194276,0.6427495610682442,1.246051395835549
0.35000000000000003,-0.10000000000000002,0.1,0.43428203230275514,-0.11401923788646684,0.2800000000000001,-30,90.0,-90.0,0.09688209479827155,0.40502004339524356,0.20308862897124433,0.7365036139861665,0.0014011104993451526,0.6315632331808869,0.9275010861248103
0.35000000000000003,-0.10000000000000002,0.1,0.43000000000000005,-0.06999999999999998,0.2800000000000001,0,90.0,-90.0,0.09343394873800175,0.25335404936456907,0.16962120239742945,0.7769769216475321,0.00031849724115512457,0.6235529947518721,0.25264832015390737
0.35000000000000003,-0.10000000000000002,0.1,0.4195094947500499,-0.05031670160312629,0.28,15,90.0,-90.0,0.09546313189484305,0.1775033888321592,0.18961479815071605,0.7531025917730916,0.0005635203180563821,0.6278106619394784,-0.08527790116637451
0.35000000000000003,-0.10000000000000002,0.1,0.4042820323027551,-0.034019237886466824,0.2800000000000001,30,90.0,-90.0,0.09910845298937748,0.11441765384824727,0.23006580527205134,0.7026730762010566,0.0011501976046017727,0.6388445803212823,-0.4108343281944223
0.35000000000000003,-0.10000000000000002,0.1,0.36401923788646684,-0.015717967697244914,0.28,60,90.0,-90.0,0.09665000872672104,0.046495127216875,0.3501633661421241,0.543652110873361,0.0005190935517458717,0.6771256073168614,-1.0019182912915414
0.35000000000000003,-0.10000000000000002,0.1,0.3417277488195296,-0.014961362543798928,0.2800000000000001,75,90.0,-90.0,0.0939328068816365,0.041987698655010806,0.41813189449029114,0.44775644581153506,-0.001060878780228258,0.705944002698304,-1.265948194097568
0.35000000000000003,-0.10000000000000002,0.1,0.32,-0.01999999999999999,0.2800000000000001,90,90.0,-90.0,0.09078181765530648,0.05252230901953022,0.4847945479392686,0.3502593242826329,0.0013439970491956723,0.7351689789824783,-1.518384199228508
0.20000000000000007,0.10000000000000002,0.1,0.2496832983968738,0.030490505249950173,0.2800000000000001,-75,90.0,-90.0,0.07407147209389309,-0.0677382609085578,0.7103873947299711,-0.004509073203792312,0.0008871032436615111,0.8643423031065602,1.2416239492057852
0.20000000000000007,0.10000000000000002,0.1,0.2659807621135333,0.04571796769724495,0.28,-60,90.0,-90.0,0.07746676635942462,-0.1049922254457387,0.6611876056794007,0.07598056275895573,0.0013261604884657536,0.8338301258053036,0.9420552822308371
0.20000000000000007,0.10000000000000002,0.1,0.28428203230275517,0.0859807621135332,0.2800000000000001,-30,90.0,-90.0,0.07998662171637085,-0.203820796011955,0.6221200627281391,0.13819904048105103,0.0007549541382700448,0.8092532551200889,0.31913035032014614
0.35000000000000003,-0.1,0.1,0.38000000000000006,-0.18,0.2800000000000001,-90,90.0,-90.0,0.09277431589456898,0.5122530431613527,0.44385407313384506,0.4107933875847107,0.0004142428344478909,0.7152175286097112,2.0826794995849416
0.35000000000000003,-0.1,0.1,0.3996832983968738,-0.16950949475004984,0.2800000000000001,-75,90.0,-90.0,0.09568735287639106,0.5136053495941234,0.375852247091142,0.508102620373946,0.00120680460821885,0.6860015976803147,1.8224070180723204
0.35000000000000003,-0.1,0.1,0.4159807621135332,-0.15428203230275508,0.28,-60,90.0,-90.0,0.0979645590442763,0.49736547162826866,0.3096173353772616,0.5987866545944831,0.0012159647482856677,0.6618330888302418,1.5430806546803806
0.35000000000000003,-0.1,0.1,0.43503863745620114,-0.0917277488195296,0.28,-15,90.0,-90.0,0.0940620488723597,0.3328632701568865,0.17472383922679,0.7707135987310113,0.001852269795693123,0.6257630183892957,0.5927077522244563
0.35000000000000003,-0.1,0.1,0.4195094947500499,-0.050316701603126276,0.28,15,90.0,-90.0,0.09543636246635397,0.17735915036333538,0.1895946882556855,0.7532144333206107,0.001197126674678517,0.6275642664081306,-0.08469026155447787
0.35000000000000003,-0.1,0.1,0.4042820323027551,-0.03401923788646681,0.2800000000000001,30,90.0,-90.0,0.09909038470942717,0.11446255674024944,0.229896985993517,0.702711227403215,0.0010243915903496415,0.6386171405466106,-0.4095823767436227
0.30000000000000004,-0.05000000000000002,0.1,0.36598076211353325,-0.1042820323027551,0.28,-60,90.0,-90.0,0.09431150438615483,0.302611818447401,0.3915079198687703,0.48625851877787624,-0.0007775283550569984,0.6922378981257883,-4.932449009288984
0.30000000000000004,-0.05000000000000002,0.1,0.31401923788646685,0.03428203230275509,0.28,60,90.0,-90.0,0.08888049014107308,-0.08875832843247031,0.5063493196224256,0.3180550610225937,0.000983775313895718,0.7459601309495749,-1.1361663210064066
0.30000000000000004,-0.05000000000000002,0.1,0.2917277488195296,0.035038637456201074,0.2800000000000001,75,90.0,-90.0,0.08497163706582757,-0.0855096949317096,0.5758434247337673,0.211164177741305,0.0005762837138226582,0.7846819380946668,-1.394900459922398
0.30000000000000004,-0.05000000000000002,0.1,0.27,0.030000000000000013,0.2800000000000001,90,90.0,-90.0,0.08071608220548049,-0.06943658808472437,0.6435809197012275,0.10395675544214003,-0.0006423796585263861,0.8239336756431933,-1.6389027913702154
0.35000000000000003,0.0,0.1,0.38000000000000006,-0.08,0.2800000000000001,-90,90.0,-90.0,0.09758252441213612,0.24485549244416172,0.3303465218579909,0.5710194976526886,-0.0004736441123982083,0.6690609905305588,1.815197822224574
0.35000000000000003,0.0,0.1,0.3996832983968738,-0.06950949475004985,0.2800000000000001,-75,90.0,-90.0,0.0992750737432901,0.22721230604099896,0.2633449990040213,0.660028606645627,0.0007236309529095209,0.6467435087887613,1.53523480628284
0.35000000000000003,0.0,0.1,0.43428203230275514,-0.014019237886466817,0.2800000000000001,-30,90.0,-90.0,0.08977357795024857,0.05259305236032514,0.12734051767125665,0.8262804555064841,0.0017766202027191045,0.6174379851587003,0.5743440757083804
0.35000000000000003,0.0,0.1,0.43000000000000005,0.030000000000000034,0.2800000000000001,0,90.0,-90.0,0.0916028081063232,-0.11056404624142338,0.14613636992136844,0.8047645919144162,0.0008291299970415005,0.6201149886306028,-0.11076221314176454
0.35000000000000003,0.0,0.1,0.4195094947500499,0.04968329839687373,0.28,15,90.0,-90.0,0.09584240127933857,-0.1756406027439609,0.18910295508592834,0.7533454786771285,0.00201957621403897,0.6279054328405912,-0.43859224452846096
0.35000000000000003,0.0,0.1,0.3853553390593274,0.07778174593052026,0.28,45,90.0,-90.0,0.0981354535900765,-0.24271049155048321,0.31256207005322756,0.5951204660330235,0.0008331076393905591,0.6629169944572529,-1.0280796451633716
0.35000000000000003,0.0,0.1,0.3417277488195296,0.08503863745620109,0.2800000000000001,75,90.0,-90.0,0.09286850370736828,-0.23291812927766592,0.44784808498226397,0.4050084372782692,-0.0001563389226988659,0.7181844535902004,-1.540969647769482
0.5,-0.2,0.1,0.5496832983968737,-0.26950949475004987,0.2800000000000001,-75,90.0,-90.0,0.10031386516242954,1.061798106537923,0.2640681458012486,0.659032845108089,-0.00019475057820479257,0.6466952817467081,-3.9120659047662945
0.5,-0.2,0.1,0.5659807621135332,-0.2542820323027551,0.28,-60,90.0,-90.0,0.09842322271214196,1.0854598372993334,0.19698227990731848,0.7439436749365125,0.0003968107798183228,0.6286294395621357,-4.149905767948541
0.5,-0.2,0.1,0.5842820323027551,-0.21401923788646682,0.2800000000000001,-30,90.0,-90.0,0.08415145952991016,1.0751308020192114,0.048889937228928475,0.9129503416112958,0.0014191170964076134,0.6090772460941865,-4.685244881640578
0.5,-0.2,0.1,0.5542820323027551,-0.1340192378864668,0.2800000000000001,30,90.0,-90.0,0.0689372610418405,0.743051993321655,-0.12532488046425536,1.0796165495567556,0.0013301235077217103,0.615898724172526,-6.065292933188343
0.5,-0.2,0.1,0.4917277488195296,-0.11496136254379892,0.2800000000000001,75,90.0,-90.0,0.08230504382568699,0.5036886452071656,0.029423054853048723,0.9332535616185138,0.002106345729937342,0.607960142738249,-0.8075435365687041
0.25000000000000006,-1.3877787807814457e-17,0.1,0.3159807621135332,-0.054282032302755086,0.28,-60,90.0,-90.0,0.08785764644741326,0.14055555338953013,0.507602797053725,0.3161803817378535,-0.00048038199684234103,0.7462614650466347,1.1876539308697998
0.25000000000000006,-1.3877787807814457e-17,0.1,0.3277817459305203,-0.035355339059327376,0.28,-45,90.0,-90.0,0.09003126654723585,0.09466933760526211,0.46487061124578927,0.3796011049671378,0.0010477938528024502,0.7266614960018029,0.8786995595387107
0.25000000000000006,-1.3877787807814457e-17,0.1,0.33428203230275516,-0.01401923788646683,0.2800000000000001,-30,90.0,-90.0,0.09121546518412064,0.03822242716074942,0.4405780825189487,0.41557024383578967,7.774694055908424e-05,0.7140720026870276,0.5625917040849202
0.25000000000000006,-1.3877787807814457e-17,0.1,0.33503863745620116,0.0082722511804704,0.28,-15,90.0,-90.0,0.09135133950042777,-0.02282705950638213,0.43785103846109463,0.4197544574893923,0.0005890669616866552,0.7129233476617524,0.23868187216371373
0.25000000000000006,-1.3877787807814457e-17,0.1,0.3195094947500499,0.049683298396873715,0.28,15,90.0,-90.0,0.08852371262508532,-0.13000141159131262,0.4947530739789218,0.33509382847058944,0.0006469020344945655,0.7415660894443374,-0.3928784331787737
0.25000000000000006,-1.3877787807814457e-17,0.1,0.2853553390593274,0.07778174593052024,0.28,45,90.0,-90.0,0.08168920905087515,-0.18532821136898972,0.6140347661048122,0.1510471105214793,-0.0005384171476097998,0.8068386854577889,-0.9696152978469373
0.25000000000000006,-1.3877787807814457e-17,0.1,0.24172774881952963,0.08503863745620108,0.2800000000000001,75,90.0,-90.0,0.07148964640932742,-0.18351163341409424,0.7611155783229253,-0.08825965728910026,-0.00023939331611556126,0.8982422942050434,-1.4914744389751853
0.20000000000000007,-1.3877787807814457e-17,0.1,0.2300000000000001,-0.08000000000000002,0.2800000000000001,-90,90.0,-90.0,0.06759979464451192,0.16827400233795226,0.7996723509054171,-0.15285744649979172,0.0012064023177888994,0.9242137077797178,1.737622957059164
0.20000000000000007,-1.3877787807814457e-17,0.1,0.2496832983968738,-0.06950949475004986,0.2800000000000001,-75,90.0,-90.0,0.07322276937037978,0.1528464534561309,0.7248731775601533,-0.028336119664659074,0.001312843066158378,0.8735006382123084,1.460807971107674
0.20000000000000007,-1.3877787807814457e-17,0.1,0.28503863745620117,0.0082722511804704,0.28,-15,90.0,-90.0,0.08205303084393445,-0.01995116610495215,0.5918572300085067,0.18594580179177725,0.0002026725074164192,0.7920872041892365,0.24096372015638048
0.20000000000000007,-1.3877787807814457e-17,0.1,0.23535533905932743,0.07778174593052024,0.28,45,90.0,-90.0,0.06922276919499444,-0.16611723907606818,0.7789852754439848,-0.11783729344224024,0.0010409687357225785,0.9094618048888059,-0.9523049073049491
0.20000000000000007,-1.3877787807814457e-17,0.1,0.2140192378864669,0.08428203230275509,0.28,60,90.0,-90.0,0.06258403495111751,-0.17169565778826262,0.8618745147334621,-0.2580257900671556,-0.00023238421706855562,0.9679437142094724,-1.2189176705888058
0.20000000000000007,-1.3877787807814457e-17,0.1,0.17000000000000004,0.08000000000000002,0.2800000000000001,90,90.0,-90.0,0.045306677966603176,-0.14991434031465117,1.05130332956058,-0.5888389242914857,0.0009478332305479729,1.1077456385525979,-1.721683506333645
0.20000000000000007,0.2,0.1,0.2300000000000001,0.12000000000000001,0.2800000000000001,-90,90.0,-90.0,0.06450447376173239,-0.2502201811062161,0.8300951004490288,-0.20424476166866404,0.0007936129322334163,0.9441048455914407,-4.962163126232936
0.20000000000000007,0.2,0.1,0.2496832983968738,0.13049050524995015,0.2800000000000001,-75,90.0,-90.0,0.06911999339753183,-0.282145251741513,0.7710570537017274,-0.10451806524667238,0.000641515440135916,0.9036205237640229,-5.2568184146770145
0.20000000000000007,0.2,0.1,0.2695094947500499,0.24968329839687375,0.28,15,90.0,-90.0,0.06049287641879976,-0.5256413957324186,0.879030935518793,-0.2874747050044808,0.0010407804401269985,0.9787510605095838,5.4946074806214025
0.20000000000000007,0.2,0.1,0.25428203230275515,0.2659807621135332,0.2800000000000001,30,90.0,-90.0,0.05256819210894653,-0.5379856831823464,0.969113549375548,-0.443962835785048,0.0006762631500785855,1.0455838233679713,5.221845652109066
0.45,-1.3877787807814457e-17,0.1,0.48000000000000004,-0.08000000000000002,0.2800000000000001,-90,90.0,-90.0,0.08173999546210008,0.34821066166896913,0.015509154654575178,0.9478550766312821,0.0012459971960145236,0.6066743858591207,1.91735003350933
0.45,-1.3877787807814457e-17,0.1,0.5350386374562011,0.0082722511804704,0.28,-15,90.0,-90.0,0.05853860757730566,-0.049962842406733335,-0.2762791150929845,1.1955144146312418,0.0007928302312071548,0.6513210614959898,0.2104865510108411
0.45,-1.3877787807814457e-17,0.1,0.5195094947500498,0.049683298396873715,0.28,15,90.0,-90.0,0.06613219782348,-0.2687860626892202,-0.1715065999930033,1.1179676791068824,7.594558475463667e-05,0.6246469584350398,-0.5305039434118939
0.45,-1.3877787807814457e-17,0.1,0.504282032302755,0.06598076211353318,0.2800000000000001,30,90.0,-90.0,0.07264286286158488,-0.32561371906500536,-0.08996832472103188,1.0485743634928109,0.001705229260237012,0.6124792237585096,-0.8512723440701289
0.45,-1.3877787807814457e-17,0.1,0.4853553390593274,0.07778174593052024,0.28,45,90.0,-90.0,0.07998132628173012,-0.34728788264602145,-0.005588206332466994,0.9686680715217691,-0.000708141401957841,0.6084101196365688,-1.132184777920382
0.30000000000000004,-0.1,0.1,0.3496832983968738,-0.16950949475004984,0.2800000000000001,-75,90.0,-90.0,0.08841895779526857,0.4509451898091813,0.5114542947677408,0.3102311116154977,-0.001067933820023827,0.7483256961816883,-4.521758900113752
0.30000000000000004,-0.1,0.1,0.38503863745620115,-0.0917277488195296,0.28,-15,90.0,-90.0,0.09669124430281316,0.2831261812902368,0.32475622657957337,0.578828879173374,0.0009130006059798433,0.6662189365813969,-5.738619260001144
0.30000000000000004,-0.1,0.1,0.3695094947500499,-0.050316701603126276,0.28,15,90.0,-90.0,0.09600562023107416,0.15083045340120488,0.3437358737754549,0.552536966441268,0.00109651788982964,0.6746339021231301,-6.3959231691280545
0.30000000000000004,-0.1,0.1,0.3353553390593274,-0.022218254069479748,0.28,45,90.0,-90.0,0.09205127065069171,0.06044759047115213,0.43863239091351036,0.4182663162878996,0.001222863347422845,0.7141793833608122,-0.7264966735783451
0.30000000000000004,-0.1,0.1,0.31401923788646685,-0.0157179676972449,0.28,60,90.0,-90.0,0.0888667033607216,0.04053184039745177,0.5028634452096572,0.3230959173133888,0.0007049920242250359,0.7440998353045312,-1.0073489042582175
0.30000000000000004,-0.1,0.1,0.2917277488195296,-0.014961362543798915,0.2800000000000001,75,90.0,-90.0,0.08500328307499555,0.03678855474295004,0.5720900586927703,0.21691604900293474,-0.00037618995151377345,0.7829063227713414,-1.2716833169519137
0.30000000000000004,-0.1,0.1,0.27,-0.019999999999999976,0.2800000000000001,90,90.0,-90.0,0.08067622610133521,0.04631125020773496,0.6416319991034668,0.10721771417981545,0.0009915669190332763,0.8228032989004781,-1.5244154038105062
0.45,0.0,0.1,0.48000000000000004,-0.08,0.2800000000000001,-90,90.0,-90.0,0.08172614679067063,0.34934733271629304,0.015355639636888413,0.9477590409642352,-0.0011277021460627617,0.6068595356902768,1.9201477825979751
0.45,0.0,0.1,0.5342820323027551,-0.014019237886466817,0.2800000000000001,-30,90.0,-90.0,0.05898501775173197,0.08386042717073017,-0.269468307426728,1.1913735995600405,0.002119767109470763,0.6491036232587014,0.604868077270826
0.45,0.0,0.1,0.5350386374562011,0.008272251180470414,0.28,-15,90.0,-90.0,0.05861225491863149,-0.050871114101646485,-0.27580765117947664,1.1952403868852552,0.0017433695465919469,0.6521071360836982,0.209599827897124
0.45,0.0,0.1,0.53,0.030000000000000034,0.2800000000000001,0,90.0,-90.0,0.061096486671100625,-0.17534500650373797,-0.23896249786974125,1.1694623403611164,0.0017850523083364589,0.639671989110086,-0.1758682899074189
0.45,0.0,0.1,0.5195094947500498,0.04968329839687373,0.28,15,90.0,-90.0,0.06614845529007331,-0.26905246089598545,-0.17142268622572462,1.1176853771173543,0.001249181583405218,0.6248200882867079,-0.531369495607211
0.45,0.0,0.1,0.504282032302755,0.0659807621135332,0.2800000000000001,30,90.0,-90.0,0.07255513743944904,-0.32555594072017463,-0.09014012984278988,1.0489124970055828,0.0010115075207695547,0.6113845426535783,-0.8508308522301005
0.4,0.1,0.1,0.44968329839687377,0.03049050524995016,0.2800000000000001,-75,90.0,-90.0,0.08627855346503016,-0.12157629772959841,0.08031785984208797,0.8792450040876746,0.0010930407349172117,0.6122167269607705,1.1860168671823268
0.4,0.1,0.1,0.46598076211353323,0.045717967697244934,0.28,-60,90.0,-90.0,0.08162793468166521,-0.19294759995311653,0.03145770473955986,0.9311109311355519,0.0011922331386771956,0.6082528850975609,0.852529302722548
0.4,0.1,0.1,0.4842820323027551,0.08598076211353319,0.2800000000000001,-30,90.0,-90.0,0.07946372025647257,-0.37919514358124745,0.008117166039895629,0.9548424474204359,0.00017112523474298248,0.6072598693639196,0.14474117978842244
0.4,0.1,0.1,0.4695094947500499,0.14968329839687372,0.28,15,90.0,-90.0,0.09368371478745936,-0.5762376249618266,0.15666836569455583,0.7923717997549569,0.0016562074212977122,0.6221498576950739,-0.8389728985835689
0.4,0.1,0.1,0.4542820323027551,0.1659807621135332,0.2800000000000001,30,90.0,-90.0,0.09970549056259716,-0.5941033706787014,0.2261017726979636,0.7074758274547253,0.0004833250438597674,0.6370058960341299,-1.117575014806117
0.4,0.1,0.1,0.4353553390593274,0.17778174593052026,0.28,45,90.0,-90.0,0.09915500308630143,-0.5912324338537195,0.2962387830646563,0.6168862548467557,-0.0009045985836294123,0.6583552038296883,-1.3759836459784345
0.4,0.1,0.1,0.3917277488195296,0.18503863745620108,0.2800000000000001,75,90.0,-90.0,0.09473019415393562,-0.5408039128524873,0.4213031636677249,0.44339344726561397,-0.0001028842472361927,0.7069983101668645,-1.8496012025077855
0.45,0.10000000000000002,0.1,0.5159807621135332,0.04571796769724495,0.28,-60,90.0,-90.0,0.06656399262762182,-0.24392884112524404,-0.16078203885260167,1.1090301607874722,0.0008116543634719157,0.6231819063535706,-5.480111431514568
0.45,0.10000000000000002,0.1,0.504282032302755,0.16598076211353321,0.2800000000000001,30,90.0,-90.0,0.08889357358679922,-0.7036538587733586,0.09512288928910308,0.8627166731832091,0.002037140048730095,0.6133560737220364,-1.2280107355148226
0.45,0.10000000000000002,0.1,0.4417277488195296,0.1850386374562011,0.2800000000000001,75,90.0,-90.0,0.10000142623647068,-0.6213549777962181,0.29308081445385004,0.6210571829825555,-0.0011815336153215917,0.6571232944554494,-1.9290535077616802
0.5,-0.10000000000000002,0.1,0.53,-0.18000000000000002,0.2800000000000001,-90,90.0,-90.0,0.08685722518667592,0.813352222482442,0.0639429914946515,0.8970203961946865,0.0019201251898535653,0.609791661243229,2.3828310110974904
0.5,-0.10000000000000002,0.1,0.5659807621135332,-0.15428203230275508,0.28,-60,90.0,-90.0,0.07236923509957996,0.8552417651115377,-0.09893055508315429,1.0567453470354922,0.0015713101474542296,0.6125380272599313,1.9005977930298097
0.5,-0.10000000000000002,0.1,0.5777817459305202,-0.1353553390593274,0.28,-45,90.0,-90.0,0.06497839672516514,0.8357220719120733,-0.19364205923288852,1.1353133562700661,0.0011641200513724448,0.6291327678610924,1.6206461251715336
0.5,-0.10000000000000002,0.1,0.5353553390593273,-0.022218254069479762,0.28,45,90.0,-90.0,0.05945593847892503,0.13424129644568966,-0.2711219517381187,1.1923008188031563,0.0006331793777356882,0.6503959858624495,-0.6520854703072029
0.5,-0.10000000000000002,0.1,0.5140192378864669,-0.015717967697244914,0.28,60,90.0,-90.0,0.06639237321132292,0.08375085844091701,-0.17467071869939152,1.119939178793132,0.0012801959898368247,0.6248743973539719,-0.9634915985501603
0.5,-0.10000000000000002,0.1,0.4917277488195296,-0.014961362543798928,0.2800000000000001,75,90.0,-90.0,0.07391122248366401,0.07139374893213052,-0.08073007465573596,1.0403325106787018,0.001793105152250976,0.6113643214426331,-1.2397890908551747
0.15000000000000008,0.10000000000000002,0.1,0.1800000000000001,0.020000000000000018,0.2800000000000001,-90,90.0,-90.0,0.05173633709023254,-0.038506820171345754,0.9749364533126249,-0.4540764433798144,0.0011061712845355242,1.049071538618492,1.5310777920637129
0.15000000000000008,0.10000000000000002,0.1,0.19968329839687382,0.030490505249950173,0.2800000000000001,-75,90.0,-90.0,0.0589454337820314,-0.06111076649303179,0.8931543479507287,-0.31206288013641564,0.0010834604446173515,0.9899746272054564,1.2470189255440276
0.15000000000000008,0.10000000000000002,0.1,0.21598076211353326,0.04571796769724495,0.28,-60,90.0,-90.0,0.06380800829615604,-0.09427702156820521,0.8343380483758908,-0.2114530396198582,0.00014251451758177686,0.9468902746690284,0.9525978670497899
0.15000000000000008,0.10000000000000002,0.1,0.2277817459305203,0.06464466094067266,0.28,-45,90.0,-90.0,0.0666187038836561,-0.1361319541897607,0.7987539766419959,-0.15133758844089557,-0.00018115212299397933,0.9227793114932851,0.649988102607588
0.15000000000000008,0.10000000000000002,0.1,0.23503863745620118,0.10827225118047043,0.28,-15,90.0,-90.0,0.06638032536113189,-0.2290461261633049,0.8018342451841843,-0.15648505569514357,0.0009127010025611961,0.9249710903641368,0.033153785388659616
0.15000000000000008,0.10000000000000002,0.1,0.2300000000000001,0.13000000000000006,0.2800000000000001,0,90.0,-90.0,0.06333210735964205,-0.2698219323537482,0.8402335409839219,-0.2215753437394961,0.0004487832707326824,0.9529717089409037,-0.2697659783151265
0.15000000000000008,0.10000000000000002,0.1,0.20428203230275516,0.16598076211353321,0.2800000000000001,30,90.0,-90.0,0.05072020326831851,-0.32324411309806433,0.9858952989383228,-0.473609668852639,0.0007293645127264806,1.0578796118680722,-0.8481733286097993
0.4,-0.2,0.1,0.43000000000000005,-0.28,0.2800000000000001,-90,90.0,-90.0,0.08948942313813182,0.8036953912349257,0.5108795366130455,0.31121592196792486,-0.0002814770742119645,0.7474814901026957,2.374128919556309
0.4,-0.2,0.1,0.44968329839687377,-0.26950949475004987,0.2800000000000001,-75,90.0,-90.0,0.09273017629137353,0.8224067032831954,0.4461180049000575,0.40704526622595594,-0.0010397407618776497,0.7172448900877555,-4.150017119716851
0.4,-0.2,0.1,0.46598076211353323,-0.2542820323027551,0.28,-60,90.0,-90.0,0.09566634855410246,0.8268698695144515,0.37835364400997173,0.5047218123183924,-0.00037583945481423986,0.6875356277612202,-4.40782678384243
0.4,-0.2,0.1,0.47778174593052025,-0.23535533905932737,0.28,-45,90.0,-90.0,0.0979945049906354,0.8144964671672738,0.3110362345364951,0.5970376115387775,-0.001349163977708815,0.6620347741231705,-4.682876278342598
0.4,-0.2,0.1,0.4695094947500499,-0.15031670160312627,0.28,15,90.0,-90.0,0.09231989563848494,0.5778474285431366,0.15741617526760113,0.791481963731828,0.00013530262017828298,0.6212759731539778,-5.96637324871771
0.4,-0.2,0.1,0.4542820323027551,-0.1340192378864668,0.2800000000000001,30,90.0,-90.0,0.09401514902450876,0.49929760600929124,0.17287833432083094,0.7727630390545606,0.0014240665297936311,0.6257805892377166,-6.30858405045275
0.4,-0.2,0.1,0.41401923788646683,-0.1157179676972449,0.28,60,90.0,-90.0,0.09912861610111015,0.3842102051852976,0.2640666531840234,0.6591881461836421,0.001591838915755856,0.6472089337477168,-6.946619267396572
0.4,-0.2,0.1,0.37,-0.11999999999999998,0.2800000000000001,90,90.0,-90.0,0.09498507430371744,0.34860134163510387,0.39518167677046884,0.48083332085915775,0.0011624901047868755,0.6942801316379937,-1.2225826120287617
0.4,-0.10000000000000002,0.1,0.46598076211353323,-0.15428203230275508,0.28,-60,90.0,-90.0,0.09532122841427369,0.5826885342028979,0.17379583590699524,0.771791849305939,0.0011228195691777797,0.6244486094263689,1.6289027444139974
0.4,-0.10000000000000002,0.1,0.47778174593052025,-0.1353553390593274,0.28,-45,90.0,-90.0,0.08876127163131169,0.5469083952626616,0.10716397862915314,0.8491126906440286,0.00044623948209043395,0.6139778117414512,1.3310513925361855
0.4,-0.10000000000000002,0.1,0.4842820323027551,-0.11401923788646684,0.2800000000000001,-30,90.0,-90.0,0.08337590356316274,0.48631446260977473,0.05130854918342139,0.910524484981371,-0.0006640161063713792,0.6081817713031382,1.0098373673025842
0.4,-0.10000000000000002,0.1,0.48000000000000004,-0.06999999999999998,0.2800000000000001,0,90.0,-90.0,0.07913920679371383,0.3074357375883947,0.00381925188207344,0.9593919360135409,0.001666969892483135,0.6080846416152528,0.30673869721376457
0.4,-0.10000000000000002,0.1,0.4695094947500499,-0.05031670160312629,0.28,15,90.0,-90.0,0.08066931273913533,0.21457756898443534,0.02222206662587898,0.9410803784291246,0.0011693153116547703,0.6066589794921985,-0.047537688596982625
0.4,-0.10000000000000002,0.1,0.41401923788646683,-0.015717967697244914,0.28,60,90.0,-90.0,0.09736936256227237,0.05474359586159739,0.19416841173250643,0.7472662704601599,0.00026988379223978317,0.6294877205209524,-0.9921086256467202
0.4,-0.10000000000000002,0.1,0.37,-0.01999999999999999,0.2800000000000001,90,90.0,-90.0,0.09811689782451426,0.06038440200479351,0.33312066690317776,0.5675388255180996,0.0009670430678685597,0.6708907174731706,-1.510323122024854
0.35000000000000003,0.05,0.1,0.38000000000000006,-0.03,0.2800000000000001,-90,90.0,-90.0,0.0982994056389457,0.09338756627602596,0.30417244386632153,0.6061206281501467,0.0014086721678261294,0.660317053841827,1.6621123998875726
0.35000000000000003,0.05,0.1,0.4159807621135332,-0.004282032302755069,0.28,-60,90.0,-90.0,0.09553831270996192,0.015118762546539767,0.18624654180047684,0.7565128090259325,0.0005942668630322343,0.6281183703561667,1.0609202442399144
0.35000000000000003,0.05,0.1,0.43428203230275514,0.03598076211353318,0.2800000000000001,-30,90.0,-90.0,0.0903091771649155,-0.13491061116332087,0.13395576731872155,0.8185696869113125,0.0003943870155523159,0.6184111939297516,0.3878277008354778
0.35000000000000003,0.05,0.1,0.43503863745620114,0.058272251180470414,0.28,-15,90.0,-90.0,0.09142462005791814,-0.2167360235385664,0.14450869550529302,0.8064148236629932,0.00016689209955432212,0.620825821938565,0.04454621550697304
0.35000000000000003,0.05,0.1,0.43000000000000005,0.08000000000000004,0.2800000000000001,0,90.0,-90.0,0.09478508850137128,-0.28834541633519145,0.1785337869165668,0.7660726056516662,0.0009312112789135404,0.6267201374263719,-0.2900385154596407
0.35000000000000003,0.05,0.1,0.4042820323027551,0.1159807621135332,0.2800000000000001,30,90.0,-90.0,0.09862025740614672,-0.37382547791934223,0.2926506915114136,0.6215421729386588,0.000681115882756711,0.6572865361590273,-0.8989220416976486
0.35000000000000003,0.05,0.1,0.32,0.13000000000000003,0.2800000000000001,90,90.0,-90.0,0.08742070835558834,-0.3297057731352479,0.5506241858884289,0.25027057956171794,0.00014250971971935944,0.7703091151514437,-1.9009041093908514
0.4,-1.3877787807814457e-17,0.1,0.44968329839687377,-0.06950949475004986,0.2800000000000001,-75,90.0,-90.0,0.08915226971315297,0.27069486655194225,0.10630503373009263,0.8507474248300654,0.0015592323375127773,0.6139507906859245,1.5778523852667867
0.4,-1.3877787807814457e-17,0.1,0.46598076211353323,-0.054282032302755086,0.28,-60,90.0,-90.0,0.08263265393971418,0.22748129746570112,0.03773057213575357,0.9247801147775856,0.0017983361544119047,0.6080943314375121,1.2732926136199547
0.4,-1.3877787807814457e-17,0.1,0.47778174593052025,-0.035355339059327376,0.28,-45,90.0,-90.0,0.07751583459269629,0.15797210511191992,-0.01832175834950716,0.9813815125028119,0.00021596074721614192,0.6069539028173545,0.9427618664997115
0.4,-1.3877787807814457e-17,0.1,0.4842820323027551,-0.01401923788646683,0.2800000000000001,-30,90.0,-90.0,0.07458121766525935,0.06461933245319894,-0.05198816513380218,1.0138158161194584,0.0010628910414896147,0.6083098510881623,0.5865254419891118
0.4,-1.3877787807814457e-17,0.1,0.4850386374562011,0.0082722511804704,0.28,-15,90.0,-90.0,0.07431932020516756,-0.03867618804435501,-0.05565827111529475,1.017450525014007,0.0001860215977600488,0.6093297536069479,0.22264487242970551
0.4,-1.3877787807814457e-17,0.1,0.48000000000000004,0.03000000000000002,0.2800000000000001,0,90.0,-90.0,0.0765491332632651,-0.13585280504793543,-0.02950392514866112,0.9921748950432655,0.0017902552997201989,0.6075795328934204,-0.13636423485435792
0.4,-1.3877787807814457e-17,0.1,0.4695094947500499,0.049683298396873715,0.28,15,90.0,-90.0,0.08115875077691863,-0.2127157999834498,0.021690084258118365,0.9415021696648311,0.0017367645989043523,0.6077690286534828,-0.47620547656983675
0.4,-1.3877787807814457e-17,0.1,0.4353553390593274,0.07778174593052024,0.28,45,90.0,-90.0,0.09439936394987936,-0.28633662438183793,0.1594451170819901,0.7890150738599102,0.0010368110504732125,0.6223142604018436,-1.0735334765559241
0.15000000000000008,0.05000000000000002,0.1,0.1800000000000001,-0.029999999999999985,0.2800000000000001,-90,90.0,-90.0,0.05157435661235965,0.05759180972354059,0.9775923614683768,-0.4590710555030379,2.6407057389383115e-05,1.0514952806011288,1.6279445570822446
0.15000000000000008,0.05000000000000002,0.1,0.19968329839687382,-0.01950949475004983,0.2800000000000001,-75,90.0,-90.0,0.05923354133073289,0.03871415884955013,0.8910056438854156,-0.3083846362397064,0.001251500641112732,0.9874775866865688,1.3470003441152012
0.15000000000000008,0.05000000000000002,0.1,0.23428203230275518,0.035980762113533196,0.2800000000000001,-30,90.0,-90.0,0.06934001766787633,-0.07722959196615513,0.7647385994385163,-0.09421450395021905,0.0007522563969857342,0.900771385055988,0.44603190707858814
0.15000000000000008,0.05000000000000002,0.1,0.23503863745620118,0.05827225118047043,0.28,-15,90.0,-90.0,0.06891420679030769,-0.12478892480712432,0.7703947305070368,-0.10358591336840002,0.0003811455093695041,0.9034250362639726,0.13580926216284628
0.15000000000000008,0.05000000000000002,0.1,0.2300000000000001,0.08000000000000004,0.2800000000000001,0,90.0,-90.0,0.066705357353877,-0.16860336982850674,0.799174026666787,-0.15206158382350454,0.0013234511243332223,0.9231257256790499,-0.1693619428416884
0.15000000000000008,0.05000000000000002,0.1,0.21950949475004994,0.09968329839687375,0.28,15,90.0,-90.0,0.06252831303927495,-0.20463262780666275,0.851759258086911,-0.24082400188660272,0.0011829504096722426,0.9601143297967094,-0.4669032222188206
0.15000000000000008,0.05000000000000002,0.1,0.20428203230275516,0.11598076211353321,0.2800000000000001,30,90.0,-90.0,0.05621352384247759,-0.229959453441303,0.925902385358356,-0.36888275850744795,0.00023168149830745516,1.013643399339566,-0.7531153917901964
0.45,-0.2,0.1,0.48000000000000004,-0.28,0.2800000000000001,-90,90.0,-90.0,0.09511730294105927,0.9052523558335469,0.4105682741688877,0.4587357280414079,-0.0016200582226032845,0.7015804949344489,2.4763875557758968
0.45,-0.2,0.1,0.49968329839687375,-0.26950949475004987,0.2800000000000001,-75,90.0,-90.0,0.09751239552885656,0.9314159611508491,0.34884613799072667,0.5459903468300323,0.0015857052101418126,0.67574653912229,2.238432784671069
0.45,-0.2,0.1,0.5277817459305203,-0.23535533905932737,0.28,-45,90.0,-90.0,0.09868740887384499,0.9388958260425452,0.2107485048741624,0.7267872953626332,-8.797846623196564e-05,0.6326670789117187,1.724758516397958
0.45,-0.2,0.1,0.5195094947500498,-0.15031670160312627,0.28,15,90.0,-90.0,0.08022485727224662,0.6945083752892452,0.01806642121735149,0.9447266278773669,-0.0006401071666880862,0.6070957875940836,0.4329314725526558
0.45,-0.2,0.1,0.504282032302755,-0.1340192378864668,0.2800000000000001,30,90.0,-90.0,0.08105145124138642,0.5998848903672388,0.02666139986701919,0.9361314584624226,0.0014519337131671185,0.6078571146087962,0.07434171887532197
0.45,-0.2,0.1,0.4853553390593274,-0.12221825406947975,0.28,4